S.No,Product Code,Brand Name,Product Name,Price,Original Price (Was Price),Discount Percentage,Offer Price,URL,Category
1,462435385_black,Aditi Wasan,Woven Pattern Stole with Fringes,₹700,"₹1,399",(50% off),₹700,https://www.ajio.com/aditi-wasan-woven-pattern-stole-with-fringes-/p/462435385_black,Scarves and Stoles
2,441317626_assorted,Teamspirit,Pack of 2 Graphic Print Scarves,₹120,₹299,(60% off),₹102,https://www.ajio.com/teamspirit-pack-of-2-graphic-print-scarves/p/441317626_assorted,Scarves and Stoles
3,465431921_black,Heelium,Pack of 3 Bamboo Bandanas,₹555,"₹1,499",(63% off),₹555,https://www.ajio.com/heelium-pack-of-3-bamboo-bandanas/p/465431921_black,Scarves and Stoles
4,465431855_black,Heelium,Pack of 4 Bamboo Bandanas,₹720,"₹1,999",(64% off),₹720,https://www.ajio.com/heelium-pack-of-4-bamboo-bandanas/p/465431855_black,Scarves and Stoles
5,466492360_black,Heelium,Pack of 3 Unisex Elasticated Bandanas,₹699,"₹1,499",(53% off),₹699,https://www.ajio.com/heelium-pack-of-3-unisex-elasticated-bandanas/p/466492360_black,Scarves and Stoles
6,466488050_grey,Heelium,Unisex Heathered Elasticated Bandana,₹299,₹499,(40% off),₹299,https://www.ajio.com/heelium-unisex-heathered-elasticated-bandana-/p/466488050_grey,Scarves and Stoles
7,466488050_black,Heelium,Unisex Bandana with Logo Print,₹299,₹499,(40% off),₹299,https://www.ajio.com/heelium-unisex-bandana-with-logo-print/p/466488050_black,Scarves and Stoles
8,465431920_black,Heelium,Pack of 2 Bamboo Bandanas,₹555,"₹1,499",(63% off),₹555,https://www.ajio.com/heelium-pack-of-2-bamboo-bandanas/p/465431920_black,Scarves and Stoles
9,465462400_grey,Heelium,Pack of 3 Bamboo Bandanas - Odour Free & Breathable,₹555,"₹1,499",(63% off),₹555,https://www.ajio.com/heelium-pack-of-3-bamboo-bandanas--odour-free--breathable/p/465462400_grey,Scarves and Stoles
10,465431856_grey,Heelium,Pack of 4 Bamboo Bandanas,₹720,"₹1,999",(64% off),₹720,https://www.ajio.com/heelium-pack-of-4-bamboo-bandanas/p/465431856_grey,Scarves and Stoles
11,466482401_black,Beau Design,Logo Print Panelled Hijab Scarf,₹659,"₹1,099",(40% off),₹626,https://www.ajio.com/beau-design-logo-print-panelled-hijab-scarf/p/466482401_black,Scarves and Stoles
12,469484120_khaki,Marks & Spencer,Men Striped Knitted Scarf,"₹1,999","₹1,999",(0% off),"₹1,299",https://www.ajio.com/marks--spencer-men-striped-knitted-scarf/p/469484120_khaki,Scarves and Stoles
13,466482326_navy,Beau Design,Logo Print Panelled Hijab Scarf,₹659,"₹1,099",(40% off),₹626,https://www.ajio.com/beau-design-logo-print-panelled-hijab-scarf/p/466482326_navy,Scarves and Stoles
14,465406425_black,Heelium,Heelium Bamboo Bandanda,₹240,₹499,(52% off),₹240,https://www.ajio.com/heelium--heelium-bamboo-bandanda/p/465406425_black,Scarves and Stoles
15,465204957_blue,Gant,Knitted Woolen Scarf,"₹7,199","₹7,999",(10% off),"₹7,199",https://www.ajio.com/gant-knitted-woolen-scarf/p/465204957_blue,Scarves and Stoles
16,465406425_grey,Heelium,Heelium Bamboo Bandanda,₹240,₹499,(52% off),₹240,https://www.ajio.com/heelium-heelium-bamboo-bandanda/p/465406425_grey,Scarves and Stoles
17,465431865_black,Heelium,Pack of 4 Bamboo Bandanas - Odour Free & Breathable,₹720,"₹1,999",(64% off),₹720,https://www.ajio.com/heelium-pack-of-4-bamboo-bandanas--odour-free--breathable/p/465431865_black,Scarves and Stoles
18,465431851_black,Heelium,Pack of 4 Bamboo Bandanas,₹720,"₹1,999",(64% off),₹720,https://www.ajio.com/heelium-pack-of-4-bamboo-bandanas/p/465431851_black,Scarves and Stoles
19,465431911_grey,Heelium,Pack of 3 Bamboo Bandanas - Odour Free & Breathable,₹555,"₹1,499",(63% off),₹555,https://www.ajio.com/heelium-pack-of-3-bamboo-bandanas--odour-free--breathable/p/465431911_grey,Scarves and Stoles
20,465003415_multi,THE TIE HUB,Floral Print Scarf,"₹1,500","₹3,750",(60% off),"₹1,500",https://www.ajio.com/the-tie-hub-floral-print-scarf/p/465003415_multi,Scarves and Stoles
21,410354139_5ed,SUPERDRY,Vintage Logo Embroidered Scarf,"₹2,009","₹2,999",(33% off),"₹1,320",https://www.ajio.com/superdry-vintage-logo-embroidered-scarf/p/410354139_5ed,Scarves and Stoles
22,464879586_multi,THE TIE HUB,Graphic Print Bandana Scarves,"₹1,500","₹3,750",(60% off),"₹1,500",https://www.ajio.com/the-tie-hub-graphic-print-bandana-scarves/p/464879586_multi,Scarves and Stoles
23,465406425_white,Heelium,Heathered Heelium Bandanda,₹240,₹499,(52% off),₹240,https://www.ajio.com/heelium-heathered-heelium-bandanda/p/465406425_white,Scarves and Stoles
24,466488148_grey,Heelium,Pack of 2 Unisex Heathered Bandanas,₹499,₹999,(50% off),₹499,https://www.ajio.com/heelium-pack-of-2-unisex-heathered-bandanas/p/466488148_grey,Scarves and Stoles
25,464882081_multi,THE TIE HUB,Graphic Print Bandana Scarves,"₹1,500","₹3,750",(60% off),"₹1,500",https://www.ajio.com/the-tie-hub-graphic-print-bandana-scarves/p/464882081_multi,Scarves and Stoles
26,465431918_black,Heelium,Pack of 2 Bamboo Bandanas,₹400,₹999,(60% off),₹400,https://www.ajio.com/heelium-pack-of-2-bamboo-bandanas/p/465431918_black,Scarves and Stoles
27,465431859_white,Heelium,Pack of 4 Bamboo Bandanas - Odour Free & Breathable,₹720,"₹1,999",(64% off),₹720,https://www.ajio.com/heelium-pack-of-4-bamboo-bandanas--odour-free--breathable/p/465431859_white,Scarves and Stoles
28,465431894_grey,Heelium,Pack of 2 Bamboo Bandanas,₹400,₹999,(60% off),₹400,https://www.ajio.com/heelium-pack-of-2-bamboo-bandanas/p/465431894_grey,Scarves and Stoles
29,465431907_multi,Heelium,Pack of 3 Bamboo Bandanas - Odour Free & Breathable,₹555,"₹1,499",(63% off),₹555,https://www.ajio.com/heelium-pack-of-3-bamboo-bandanas--odour-free--breathable/p/465431907_multi,Scarves and Stoles
30,465431869_white,Heelium,Pack of 4 Bamboo Bandanas - Odour Free & Breathable,₹720,"₹1,999",(64% off),₹720,https://www.ajio.com/heelium-pack-of-4-bamboo-bandanas--odour-free--breathable/p/465431869_white,Scarves and Stoles
31,463388702_multi,Gant,Checked Scarves with Fringes,"₹6,999","₹6,999",(0% off),"₹6,999",https://www.ajio.com/gant-checked-scarves-with-fringes/p/463388702_multi,Scarves and Stoles
32,465573046_multi,Bruun & Stengade,Checked Woolen Scarf with Tassels,"₹2,799","₹3,999",(30% off),"₹1,819",https://www.ajio.com/bruun--stengade-checked-woolen-scarf-with-tassels/p/465573046_multi,Scarves and Stoles
33,464838160_black,TOSSIDO,Floral Print Scarfs,"₹1,208","₹1,590",(24% off),"₹1,193",https://www.ajio.com/tossido-floral-print-scarfs/p/464838160_black,Scarves and Stoles
34,464929329_blue,TOSSIDO,Ethnic Print Chiffon Scarf,"₹1,208","₹1,590",(24% off),"₹1,193",https://www.ajio.com/tossido-ethnic-print-chiffon-scarf/p/464929329_blue,Scarves and Stoles
35,466088159_black,THE TIE HUB,Checked Print Men Scarf with Fringed Hem,"₹2,000","₹5,000",(60% off),"₹2,000",https://www.ajio.com/the-tie-hub-checked-print-men-scarf-with-fringed-hem/p/466088159_black,Scarves and Stoles
36,465582070_grey,Lindbergh,Heathered Stole,"₹1,399","₹1,999",(30% off),"₹1,399",https://www.ajio.com/lindbergh-heathered-stole/p/465582070_grey,Scarves and Stoles
37,465431929_black,Heelium,Pack of 3 Bamboo Bandanas - Odour Free & Breathable,₹555,"₹1,499",(63% off),₹555,https://www.ajio.com/heelium-pack-of-3-bamboo-bandanas--odour-free--breathable/p/465431929_black,Scarves and Stoles
38,465431904_white,Heelium,Pack of 3 Bamboo Bandanas - Odour Free & Breathable,₹555,"₹1,499",(63% off),₹555,https://www.ajio.com/heelium-pack-of-3-bamboo-bandanas--odour-free--breathable/p/465431904_white,Scarves and Stoles
39,465205259_brown,Gant,Knitted Woolen Scarf,"₹7,199","₹7,999",(10% off),"₹7,199",https://www.ajio.com/gant-knitted-woolen-scarf/p/465205259_brown,Scarves and Stoles
40,463366751_green,Gant,Self-Design Scarf with Fringes,"₹6,299","₹6,999",(10% off),"₹6,299",https://www.ajio.com/gant-self-design-scarf-with-fringes/p/463366751_green,Scarves and Stoles
41,466087959_blue,THE TIE HUB,Geometric Pattern Men Scarf with Fringed Hem,"₹2,000","₹5,000",(60% off),"₹2,000",https://www.ajio.com/the-tie-hub-geometric-pattern-men-scarf-with-fringed-hem/p/466087959_blue,Scarves and Stoles
42,466087538_blue,THE TIE HUB,Striped Print Men Scarf with Fringed Hem,"₹2,000","₹5,000",(60% off),"₹2,000",https://www.ajio.com/the-tie-hub-striped-print-men-scarf-with-fringed-hem/p/466087538_blue,Scarves and Stoles
43,466088156_grey,THE TIE HUB,Geometric Print Men Scarf with Fringed Hem,"₹2,000","₹5,000",(60% off),"₹2,000",https://www.ajio.com/the-tie-hub-geometric-print-men-scarf-with-fringed-hem/p/466088156_grey,Scarves and Stoles
44,466087786_multi,THE TIE HUB,Colour Block Men Scarf with Fringed Hem,"₹2,000","₹5,000",(60% off),"₹2,000",https://www.ajio.com/the-tie-hub-colour-block-men-scarf-with-fringed-hem/p/466087786_multi,Scarves and Stoles
45,466086115_black,THE TIE HUB,Geometric Print Men Scarf with Fringed Hem,"₹2,000","₹5,000",(60% off),"₹2,000",https://www.ajio.com/the-tie-hub-geometric-print-men-scarf-with-fringed-hem/p/466086115_black,Scarves and Stoles
46,462439260_yellow,Aditi Wasan,Stole with Tassels Accent,₹600,"₹1,199",(50% off),₹600,https://www.ajio.com/aditi-wasan-stole-with-tassels-accent/p/462439260_yellow,Scarves and Stoles
47,465567729_navy,Lindbergh,Acrylic Scarf,"₹1,399","₹1,999",(30% off),"₹1,399",https://www.ajio.com/lindbergh-acrylic-scarf/p/465567729_navy,Scarves and Stoles
48,465431878_black,Heelium,Pack of 2 Bamboo Bandanas,₹400,₹999,(60% off),₹400,https://www.ajio.com/heelium-pack-of-2-bamboo-bandanas/p/465431878_black,Scarves and Stoles
49,465582066_olive,Lindbergh,Acrylic Stole,"₹1,399","₹1,999",(30% off),"₹1,399",https://www.ajio.com/lindbergh-acrylic-stole/p/465582066_olive,Scarves and Stoles
50,464903413_grey,Bruun & Stengade,Checked Scarf with Tassels,"₹2,799","₹3,999",(30% off),"₹1,819",https://www.ajio.com/bruun--stengade-checked-scarf-with-tassels/p/464903413_grey,Scarves and Stoles
51,464888720_beige,Bruun & Stengade,Woolen Scarf,"₹2,799","₹3,999",(30% off),"₹1,819",https://www.ajio.com/bruun--stengade-woolen-scarf/p/464888720_beige,Scarves and Stoles
52,464843636_multi,TOSSIDO,Graphic Print Scarf,"₹1,208","₹1,590",(24% off),"₹1,193",https://www.ajio.com/tossido-graphic-print-scarf/p/464843636_multi,Scarves and Stoles
53,464841990_multi,TOSSIDO,Striped Scarf,"₹1,208","₹1,590",(24% off),"₹1,193",https://www.ajio.com/tossido-striped-scarf/p/464841990_multi,Scarves and Stoles
54,464272350_black,THE TIE HUB,Woolen Scarf,"₹3,500","₹8,750",(60% off),"₹3,500",https://www.ajio.com/the-tie-hub-woolen-scarf/p/464272350_black,Scarves and Stoles
55,464843848_multi,TOSSIDO,Graphic Print Scarf,"₹1,208","₹1,590",(24% off),"₹1,193",https://www.ajio.com/tossido-graphic-print-scarf/p/464843848_multi,Scarves and Stoles
56,464880816_multi,THE TIE HUB,Graphic Print Bandana Scarves,"₹1,500","₹3,750",(60% off),"₹1,500",https://www.ajio.com/the-tie-hub-graphic-print-bandana-scarves/p/464880816_multi,Scarves and Stoles
57,464920129_multi,TOSSIDO,Tropical Print Chiffon Scarf,₹683,₹899,(24% off),₹674,https://www.ajio.com/tossido-tropical-print-chiffon-scarf/p/464920129_multi,Scarves and Stoles
58,464882083_multi,THE TIE HUB,Graphic Print Bandana Scarves,"₹1,500","₹3,750",(60% off),"₹1,500",https://www.ajio.com/the-tie-hub-graphic-print-bandana-scarves/p/464882083_multi,Scarves and Stoles
59,464929387_red,TOSSIDO,Ethnic Print Scarf,"₹1,208","₹1,590",(24% off),"₹1,193",https://www.ajio.com/tossido-ethnic-print-scarf/p/464929387_red,Scarves and Stoles
60,464929200_blue,TOSSIDO,Ethnic Print Scarf,"₹1,208","₹1,590",(24% off),"₹1,193",https://www.ajio.com/tossido-ethnic-print-scarf/p/464929200_blue,Scarves and Stoles
61,465431898_grey,Heelium,Pack of 2 Bamboo Bandanas,₹400,₹999,(60% off),₹400,https://www.ajio.com/heelium-pack-of-2-bamboo-bandanas/p/465431898_grey,Scarves and Stoles
62,465405032_multi,Heelium,Pack of 3 Heelium Bamboo Bandandas,₹555,"₹1,499",(63% off),₹555,https://www.ajio.com/heelium-pack-of-3-heelium-bamboo-bandandas/p/465405032_multi,Scarves and Stoles
63,464838804_blue,TOSSIDO,Floral Print Stole,₹683,₹899,(24% off),₹674,https://www.ajio.com/tossido-floral-print-stole/p/464838804_blue,Scarves and Stoles
64,464844510_blue,TOSSIDO,Floral Print Chiffon Stole,₹683,₹899,(24% off),₹674,https://www.ajio.com/tossido-floral-print-chiffon-stole/p/464844510_blue,Scarves and Stoles
65,464838787_multi,TOSSIDO,Geometric Print Cotton Stole,₹759,₹999,(24% off),₹749,https://www.ajio.com/tossido-geometric-print-cotton-stole/p/464838787_multi,Scarves and Stoles
66,464838884_multi,TOSSIDO,Floral Print Stole,₹683,₹899,(24% off),₹674,https://www.ajio.com/tossido-floral-print-stole/p/464838884_multi,Scarves and Stoles
67,464843818_multi,TOSSIDO,Floral Print Chiffon Stole,₹683,₹899,(24% off),₹674,https://www.ajio.com/tossido-floral-print-chiffon-stole/p/464843818_multi,Scarves and Stoles
68,463290721_navy,Gant,Checked Scarf with Fringes,"₹6,299","₹6,999",(10% off),"₹6,299",https://www.ajio.com/gant-checked-scarf-with-fringes/p/463290721_navy,Scarves and Stoles
69,463856570_maroon,THE TIE HUB,Woolen Solid Scarves,"₹3,500","₹8,750",(60% off),"₹3,500",https://www.ajio.com/the-tie-hub-woolen-solid-scarves-/p/463856570_maroon,Scarves and Stoles
70,462955812_navy,Bruun & Stengade,Striped Scarf with Tassels,"₹4,999","₹4,999",(0% off),"₹4,999",https://www.ajio.com/bruun--stengade-striped-scarf-with-tassels/p/462955812_navy,Scarves and Stoles
71,463856640_grey,THE TIE HUB,Woolen Solid Scarves,"₹3,500","₹8,750",(60% off),"₹3,500",https://www.ajio.com/the-tie-hub-woolen-solid-scarves-/p/463856640_grey,Scarves and Stoles
72,463838665_multi,Gant,Checks Woollen Scarf,"₹6,999","₹6,999",(0% off),"₹6,999",https://www.ajio.com/gant-checks-woollen-scarf/p/463838665_multi,Scarves and Stoles
73,463535685_grey,Bruun & Stengade,Checked Regular Scarf,"₹4,999","₹4,999",(0% off),"₹4,999",https://www.ajio.com/bruun--stengade-checked-regular-scarf/p/463535685_grey,Scarves and Stoles
74,463856524_blue,THE TIE HUB,Woolen Solid Scarves,"₹3,500","₹8,750",(60% off),"₹3,500",https://www.ajio.com/the-tie-hub-woolen-solid-scarves-/p/463856524_blue,Scarves and Stoles
75,463925942_black,THE TIE HUB,Striped Viscose Scarf,"₹2,000","₹5,000",(60% off),"₹2,000",https://www.ajio.com/the-tie-hub-striped-viscose-scarf/p/463925942_black,Scarves and Stoles
76,463889878_multi,THE TIE HUB,Checked Stoles with Fringes,"₹2,000","₹5,000",(60% off),"₹2,000",https://www.ajio.com/the-tie-hub-checked-stoles-with-fringes/p/463889878_multi,Scarves and Stoles
77,464929219_black,TOSSIDO,Graphic Print Scarf,"₹1,208","₹1,590",(24% off),"₹1,193",https://www.ajio.com/tossido-graphic-print-scarf/p/464929219_black,Scarves and Stoles
78,464841950_grey,TOSSIDO,Paisley Print Scarf,"₹1,208","₹1,590",(24% off),"₹1,193",https://www.ajio.com/tossido-paisley-print-scarf/p/464841950_grey,Scarves and Stoles
79,464839066_blue,TOSSIDO,Floral Print Stole,₹683,₹899,(24% off),₹674,https://www.ajio.com/tossido-floral-print-stole/p/464839066_blue,Scarves and Stoles
80,464849349_multi,TOSSIDO,Indian Print Stole with Tassels,₹759,₹999,(24% off),₹749,https://www.ajio.com/tossido-indian-print-stole-with-tassels/p/464849349_multi,Scarves and Stoles
81,462435324_grey,Aditi Wasan,Stole with Fringes,₹720,"₹1,599",(55% off),₹720,https://www.ajio.com/aditi-wasan-stole-with-fringes-/p/462435324_grey,Scarves and Stoles
82,462435399_beige,Aditi Wasan,Twill Weaving Pattern Stole,₹650,"₹1,299",(50% off),₹650,https://www.ajio.com/aditi-wasan-twill-weaving-pattern-stole/p/462435399_beige,Scarves and Stoles
83,466090269_beige,THE TIE HUB,Striped Woolen Scarf,"₹2,000","₹5,000",(60% off),"₹2,000",https://www.ajio.com/the-tie-hub-striped-woolen-scarf/p/466090269_beige,Scarves and Stoles
84,466086197_maroon,THE TIE HUB,Geometric Print Men Scarf with Fringed Hem,"₹2,000","₹5,000",(60% off),"₹2,000",https://www.ajio.com/the-tie-hub-geometric-print-men-scarf-with-fringed-hem/p/466086197_maroon,Scarves and Stoles
85,466087510_black,THE TIE HUB,Herringbone Print Men Scarf with Fringed Hem,"₹2,000","₹5,000",(60% off),"₹2,000",https://www.ajio.com/the-tie-hub-herringbone-print-men-scarf-with-fringed-hem/p/466087510_black,Scarves and Stoles
86,466086534_black,THE TIE HUB,Geometric Print Men Scarf with Fringed Hem,"₹2,000","₹5,000",(60% off),"₹2,000",https://www.ajio.com/the-tie-hub-geometric-print-men-scarf-with-fringed-hem/p/466086534_black,Scarves and Stoles
87,463925871_multi,THE TIE HUB,Striped Viscose Scarf,"₹2,000","₹5,000",(60% off),"₹2,000",https://www.ajio.com/the-tie-hub-striped-viscose-scarf/p/463925871_multi,Scarves and Stoles
88,466492360_grey,Heelium,Pack of 3 Unisex Heathered Bandanas,₹699,"₹1,499",(53% off),₹699,https://www.ajio.com/heelium-pack-of-3-unisex-heathered-bandanas/p/466492360_grey,Scarves and Stoles
89,466488148_black,Heelium,Pack of 2 Brand Print Bamboo Bandanas,₹499,₹999,(50% off),₹499,https://www.ajio.com/heelium-pack-of-2-brand-print-bamboo-bandanas/p/466488148_black,Scarves and Stoles
90,466492360_navy,Heelium,Pack of 3 Unisex Bandanas with Logo Print,₹699,"₹1,499",(53% off),₹699,https://www.ajio.com/heelium-pack-of-3-unisex-bandanas-with-logo-print/p/466492360_navy,Scarves and Stoles
91,466488050_white,Heelium,Unisex Heathered Elasticated Bandana,₹299,₹499,(40% off),₹299,https://www.ajio.com/heelium-unisex-heathered-elasticated-bandana-/p/466488050_white,Scarves and Stoles
92,466488204_grey,Heelium,Pack of 4 Unisex Heathered Bandanas,₹899,"₹1,999",(55% off),₹899,https://www.ajio.com/heelium-pack-of-4-unisex-heathered-bandanas/p/466488204_grey,Scarves and Stoles
93,464837822_black,TOSSIDO,Floral Print Scarfs,"₹1,208","₹1,590",(24% off),"₹1,193",https://www.ajio.com/tossido-floral-print-scarfs/p/464837822_black,Scarves and Stoles
94,466083745_multi,THE TIE HUB,Striped Men Scarf with Frayed Hem,"₹2,000","₹5,000",(60% off),"₹2,000",https://www.ajio.com/the-tie-hub-striped-men-scarf-with-frayed-hem/p/466083745_multi,Scarves and Stoles
95,466086592_black,THE TIE HUB,Geometric Print Men Scarf with Fringed Hem,"₹2,000","₹5,000",(60% off),"₹2,000",https://www.ajio.com/the-tie-hub-geometric-print-men-scarf-with-fringed-hem/p/466086592_black,Scarves and Stoles
96,466086748_grey,THE TIE HUB,Striped Print Men Scarf with Fringed Hem,"₹2,000","₹5,000",(60% off),"₹2,000",https://www.ajio.com/the-tie-hub-striped-print-men-scarf-with-fringed-hem/p/466086748_grey,Scarves and Stoles
97,466086134_grey,THE TIE HUB,Chevron Pattern Men Scarf with Fringed Hem,"₹2,000","₹5,000",(60% off),"₹2,000",https://www.ajio.com/the-tie-hub-chevron-pattern-men-scarf-with-fringed-hem/p/466086134_grey,Scarves and Stoles
98,465431877_white,Heelium,Pack of 2 Bamboo Bandanas,₹400,₹999,(60% off),₹400,https://www.ajio.com/heelium-pack-of-2-bamboo-bandanas/p/465431877_white,Scarves and Stoles
99,464880814_multi,THE TIE HUB,Leaf Print Bandana Scarves,"₹1,500","₹3,750",(60% off),"₹1,500",https://www.ajio.com/the-tie-hub-leaf-print-bandana-scarves/p/464880814_multi,Scarves and Stoles
100,464880819_multi,THE TIE HUB,Floral Print Bandana Scarves,"₹1,500","₹3,750",(60% off),"₹1,500",https://www.ajio.com/the-tie-hub-floral-print-bandana-scarves/p/464880819_multi,Scarves and Stoles
101,464843671_multi,TOSSIDO,Floral Print Chiffon Stole,₹683,₹899,(24% off),₹674,https://www.ajio.com/tossido-floral-print-chiffon-stole/p/464843671_multi,Scarves and Stoles
102,465205356_red,Gant,Knitted Woolen Scarf,"₹7,199","₹7,999",(10% off),"₹7,199",https://www.ajio.com/gant-knitted-woolen-scarf/p/465205356_red,Scarves and Stoles
103,464897385_black,Bruun & Stengade,Checked Scarf with Tassels,"₹2,799","₹3,999",(30% off),"₹1,819",https://www.ajio.com/bruun--stengade-checked-scarf-with-tassels/p/464897385_black,Scarves and Stoles
104,464842836_pink,TOSSIDO,Floral Print Chiffon Stole,₹683,₹899,(24% off),₹674,https://www.ajio.com/tossido-floral-print-chiffon-stole/p/464842836_pink,Scarves and Stoles
105,462941085_black,Bruun & Stengade,Striped Silk Scarves,"₹4,999","₹4,999",(0% off),"₹4,999",https://www.ajio.com/bruun--stengade-striped-silk-scarves/p/462941085_black,Scarves and Stoles
106,463890691_multi,THE TIE HUB,Checked Scarf with Fringes,"₹2,000","₹5,000",(60% off),"₹2,000",https://www.ajio.com/the-tie-hub-checked-scarf-with-fringes/p/463890691_multi,Scarves and Stoles
107,463648644_grey,THE TIE HUB,Solid Scarf,"₹2,000","₹5,000",(60% off),"₹2,000",https://www.ajio.com/the-tie-hub-solid-scarf/p/463648644_grey,Scarves and Stoles
108,464929295_green,TOSSIDO,Floral Print Stole,₹683,₹899,(24% off),₹674,https://www.ajio.com/tossido-floral-print-stole/p/464929295_green,Scarves and Stoles
109,462439236_pink,Aditi Wasan,Stole with Tassels Accent,₹700,"₹1,399",(50% off),₹700,https://www.ajio.com/aditi-wasan-stole-with-tassels-accent/p/462439236_pink,Scarves and Stoles
110,463535707_grey,Bruun & Stengade,Geometric Printed Regular Scarf,"₹4,999","₹4,999",(0% off),"₹4,999",https://www.ajio.com/bruun--stengade-geometric-printed-regular-scarf/p/463535707_grey,Scarves and Stoles
111,466087791_black,THE TIE HUB,Checked Print Men Scarf with Fringed Hem,"₹2,000","₹5,000",(60% off),"₹2,000",https://www.ajio.com/the-tie-hub-checked-print-men-scarf-with-fringed-hem/p/466087791_black,Scarves and Stoles
112,466488148_navy,Heelium,Pack of 2 Unisex Bandanas with Logo Print,₹499,₹999,(50% off),₹499,https://www.ajio.com/heelium-pack-of-2-unisex-bandanas-with-logo-print/p/466488148_navy,Scarves and Stoles
113,466488050_navy,Heelium,Brand Print Bamboo Bandana,₹299,₹499,(40% off),₹299,https://www.ajio.com/heelium-brand-print-bamboo-bandana/p/466488050_navy,Scarves and Stoles
114,466488148_white,Heelium,Pack of 2 Bandana,₹499,₹999,(50% off),₹499,https://www.ajio.com/heelium-pack-of-2-bandana/p/466488148_white,Scarves and Stoles
115,466087535_grey,THE TIE HUB,Striped Print Men Scarf with Fringed Hem,"₹2,000","₹5,000",(60% off),"₹2,000",https://www.ajio.com/the-tie-hub-striped-print-men-scarf-with-fringed-hem/p/466087535_grey,Scarves and Stoles
116,465431913_black,Heelium,Pack of 3 Bamboo Bandanas,₹555,"₹1,499",(63% off),₹555,https://www.ajio.com/heelium-pack-of-3-bamboo-bandanas/p/465431913_black,Scarves and Stoles
117,463290738_red,Gant,Checked Scarf with Fringes,"₹6,299","₹6,999",(10% off),"₹6,299",https://www.ajio.com/gant-checked-scarf-with-fringes/p/463290738_red,Scarves and Stoles
118,463890669_multi,THE TIE HUB,Checked Scarf with Fringes,"₹2,000","₹5,000",(60% off),"₹2,000",https://www.ajio.com/the-tie-hub-checked-scarf-with-fringes/p/463890669_multi,Scarves and Stoles
119,466492360_white,Heelium,Pack of 3 Unisex Heathered Bandanas,₹699,"₹1,499",(53% off),₹699,https://www.ajio.com/heelium-pack-of-3-unisex-heathered-bandanas/p/466492360_white,Scarves and Stoles
120,466086133_navy,THE TIE HUB,Chevron Pattern Men Scarf with Fringed Hem,"₹2,000","₹5,000",(60% off),"₹2,000",https://www.ajio.com/the-tie-hub-chevron-pattern-men-scarf-with-fringed-hem/p/466086133_navy,Scarves and Stoles
121,466087780_black,THE TIE HUB,Men Scarf with Fringed Hem,"₹2,000","₹5,000",(60% off),"₹2,000",https://www.ajio.com/the-tie-hub--men-scarf-with-fringed-hem/p/466087780_black,Scarves and Stoles
122,466087799_grey,THE TIE HUB,Checked Print Men Scarf with Fringed Hem,"₹2,000","₹5,000",(60% off),"₹2,000",https://www.ajio.com/the-tie-hub-checked-print-men-scarf-with-fringed-hem/p/466087799_grey,Scarves and Stoles
123,466086151_grey,THE TIE HUB,Printed Men Scarf with Fringed Hem,"₹2,000","₹5,000",(60% off),"₹2,000",https://www.ajio.com/the-tie-hub-printed-men-scarf-with-fringed-hem/p/466086151_grey,Scarves and Stoles
124,466087788_multi,THE TIE HUB,Block Print Men Scarf with Frayed Hem,"₹2,000","₹5,000",(60% off),"₹2,000",https://www.ajio.com/the-tie-hub-block-print-men-scarf-with-frayed-hem/p/466087788_multi,Scarves and Stoles
125,466086150_grey,THE TIE HUB,Chevron Pattern Men Scarf with Fringed Hem,"₹2,000","₹5,000",(60% off),"₹2,000",https://www.ajio.com/the-tie-hub-chevron-pattern-men-scarf-with-fringed-hem/p/466086150_grey,Scarves and Stoles
126,466086696_grey,THE TIE HUB,Striped Print Men Scarf with Fringed Hem,"₹2,000","₹5,000",(60% off),"₹2,000",https://www.ajio.com/the-tie-hub-striped-print-men-scarf-with-fringed-hem/p/466086696_grey,Scarves and Stoles
127,466086481_yellow,THE TIE HUB,Printed Men Scarf with Fringed Hem,"₹2,000","₹5,000",(60% off),"₹2,000",https://www.ajio.com/the-tie-hub-printed-men-scarf-with-fringed-hem/p/466086481_yellow,Scarves and Stoles
128,466086556_grey,THE TIE HUB,Checked Print Men Scarf with Fringed Hem,"₹2,000","₹5,000",(60% off),"₹2,000",https://www.ajio.com/the-tie-hub-checked-print-men-scarf-with-fringed-hem/p/466086556_grey,Scarves and Stoles
129,466086573_grey,THE TIE HUB,Geometric Print Men Scarf with Fringed Hem,"₹2,000","₹5,000",(60% off),"₹2,000",https://www.ajio.com/the-tie-hub-geometric-print-men-scarf-with-fringed-hem/p/466086573_grey,Scarves and Stoles
130,466090844_multi,THE TIE HUB,Indian,"₹2,000","₹5,000",(60% off),"₹2,000",https://www.ajio.com/the-tie-hub-indian/p/466090844_multi,Scarves and Stoles
131,466090832_grey,THE TIE HUB,Checks,"₹2,000","₹5,000",(60% off),"₹2,000",https://www.ajio.com/the-tie-hub-checks/p/466090832_grey,Scarves and Stoles
132,466090835_maroon,THE TIE HUB,Indian,"₹2,000","₹5,000",(60% off),"₹2,000",https://www.ajio.com/the-tie-hub-indian/p/466090835_maroon,Scarves and Stoles
133,466086163_black,THE TIE HUB,Geometric Print Men Scarf with Fringed Hem,"₹2,000","₹5,000",(60% off),"₹2,000",https://www.ajio.com/the-tie-hub-geometric-print-men-scarf-with-fringed-hem/p/466086163_black,Scarves and Stoles
134,466087848_blue,THE TIE HUB,Checked print Men Scarf with Frayed Hem,"₹2,000","₹5,000",(60% off),"₹2,000",https://www.ajio.com/the-tie-hub-checked-print-men-scarf-with-frayed-hem/p/466087848_blue,Scarves and Stoles
135,466087802_grey,THE TIE HUB,Men Scarf with Fringed Hem,"₹2,000","₹5,000",(60% off),"₹2,000",https://www.ajio.com/the-tie-hub-men-scarf-with-fringed-hem/p/466087802_grey,Scarves and Stoles
136,466090309_multi,THE TIE HUB,Colour-Block Woolen Scarf,"₹2,000","₹5,000",(60% off),"₹2,000",https://www.ajio.com/the-tie-hub-colour-block-woolen-scarf/p/466090309_multi,Scarves and Stoles
137,466090182_grey,THE TIE HUB,Striped Woolen Scarf,"₹2,000","₹5,000",(60% off),"₹2,000",https://www.ajio.com/the-tie-hub-striped-woolen-scarf/p/466090182_grey,Scarves and Stoles
138,466090125_black,THE TIE HUB,Geometric Print Woolen Scarf,"₹2,000","₹5,000",(60% off),"₹2,000",https://www.ajio.com/the-tie-hub-geometric-print-woolen-scarf-/p/466090125_black,Scarves and Stoles
139,466087973_cream,THE TIE HUB,Checked Men Scarf with Fringed Hem,"₹2,000","₹5,000",(60% off),"₹2,000",https://www.ajio.com/the-tie-hub-checked-men-scarf-with-fringed-hem/p/466087973_cream,Scarves and Stoles
140,466088160_grey,THE TIE HUB,Checked Print Men Scarf with Fringed Hem,"₹2,000","₹5,000",(60% off),"₹2,000",https://www.ajio.com/the-tie-hub-checked-print-men-scarf-with-fringed-hem/p/466088160_grey,Scarves and Stoles
141,466086598_grey,THE TIE HUB,Checked Print Men Scarf with Fringed Hem,"₹2,000","₹5,000",(60% off),"₹2,000",https://www.ajio.com/the-tie-hub-checked-print-men-scarf-with-fringed-hem/p/466086598_grey,Scarves and Stoles
142,466090353_blue,THE TIE HUB,Striped Woolen Scarf,"₹2,000","₹5,000",(60% off),"₹2,000",https://www.ajio.com/the-tie-hub-striped-woolen-scarf/p/466090353_blue,Scarves and Stoles
143,466087859_grey,THE TIE HUB,Striped Print Men Scarf with Fringed Hem,"₹2,000","₹5,000",(60% off),"₹2,000",https://www.ajio.com/the-tie-hub-striped-print-men-scarf-with-fringed-hem/p/466087859_grey,Scarves and Stoles
144,466087518_cream,THE TIE HUB,Striped Print Men Scarf with Fringed Hem,"₹2,000","₹5,000",(60% off),"₹2,000",https://www.ajio.com/the-tie-hub-striped-print-men-scarf-with-fringed-hem/p/466087518_cream,Scarves and Stoles
145,462435345_gold,Aditi Wasan,Twill Weaving Pattern Stole,₹650,"₹1,299",(50% off),₹650,https://www.ajio.com/aditi-wasan-twill-weaving-pattern-stole/p/462435345_gold,Scarves and Stoles
146,465431924_black,Heelium,Pack of 2 Bamboo Bandanas,₹400,₹999,(60% off),₹400,https://www.ajio.com/heelium-pack-of-2-bamboo-bandanas/p/465431924_black,Scarves and Stoles
147,464842370_beige,TOSSIDO,Graphic Print Cotton Stole,"₹1,443","₹1,899",(24% off),"₹1,424",https://www.ajio.com/tossido-graphic-print-cotton-stole/p/464842370_beige,Scarves and Stoles
148,464842065_pink,TOSSIDO,Floral Print Chiffon Stole,₹683,₹899,(24% off),₹674,https://www.ajio.com/tossido-floral-print-chiffon-stole/p/464842065_pink,Scarves and Stoles
149,464929690_purple,THE TIE HUB,Paisley Print Square Shape Scarf,"₹1,500","₹3,750",(60% off),"₹1,500",https://www.ajio.com/the-tie-hub-paisley-print-square-shape-scarf/p/464929690_purple,Scarves and Stoles
150,465003429_pink,THE TIE HUB,Floral Print Scarf,"₹1,500","₹3,750",(60% off),"₹1,500",https://www.ajio.com/the-tie-hub-floral-print-scarf/p/465003429_pink,Scarves and Stoles
151,464929310_pink,TOSSIDO,Floral Print Chiffon Stole,₹683,₹899,(24% off),₹674,https://www.ajio.com/tossido-floral-print-chiffon-stole/p/464929310_pink,Scarves and Stoles
152,464929248_purple,TOSSIDO,Floral Print Chiffon Stole,₹683,₹899,(24% off),₹674,https://www.ajio.com/tossido-floral-print-chiffon-stole/p/464929248_purple,Scarves and Stoles
153,464844420_blue,TOSSIDO,Leaf Print Chiffon Stole,₹683,₹899,(24% off),₹674,https://www.ajio.com/tossido-leaf-print-chiffon-stole/p/464844420_blue,Scarves and Stoles
154,464842118_grey,TOSSIDO,Floral Print Chiffon Stole,₹683,₹899,(24% off),₹674,https://www.ajio.com/tossido-floral-print-chiffon-stole/p/464842118_grey,Scarves and Stoles
155,464929349_pink,TOSSIDO,Ethnic Print Cotton Stole,"₹1,443","₹1,899",(24% off),"₹1,424",https://www.ajio.com/tossido-ethnic-print-cotton-stole/p/464929349_pink,Scarves and Stoles
156,464838964_multi,TOSSIDO,Floral Print Stole,₹683,₹899,(24% off),₹674,https://www.ajio.com/tossido-floral-print-stole/p/464838964_multi,Scarves and Stoles
157,464838899_multi,TOSSIDO,Floral Print Stole,₹683,₹899,(24% off),₹674,https://www.ajio.com/tossido-floral-print-stole/p/464838899_multi,Scarves and Stoles
158,464839087_brown,TOSSIDO,Floral Print Stole,"₹1,443","₹1,899",(24% off),"₹1,424",https://www.ajio.com/tossido-floral-print-stole/p/464839087_brown,Scarves and Stoles
159,464843790_multi,TOSSIDO,Floral Print Chiffon Stole,₹683,₹899,(24% off),₹674,https://www.ajio.com/tossido-floral-print-chiffon-stole/p/464843790_multi,Scarves and Stoles
160,464842006_pink,TOSSIDO,Floral Print Chiffon Stole,₹683,₹899,(24% off),₹674,https://www.ajio.com/tossido-floral-print-chiffon-stole/p/464842006_pink,Scarves and Stoles
161,464844301_peach,TOSSIDO,Floral Print Chiffon Stole,₹683,₹899,(24% off),₹674,https://www.ajio.com/tossido-floral-print-chiffon-stole/p/464844301_peach,Scarves and Stoles
162,464843745_brown,TOSSIDO,Ethnic Print Cotton Stole,"₹1,443","₹1,899",(24% off),"₹1,424",https://www.ajio.com/tossido-ethnic-print-cotton-stole/p/464843745_brown,Scarves and Stoles
163,464838777_blue,TOSSIDO,Floral Print Stole,₹683,₹899,(24% off),₹674,https://www.ajio.com/tossido-floral-print-stole/p/464838777_blue,Scarves and Stoles
164,464838309_black,TOSSIDO,Paisley Print Scarfs,"₹1,208","₹1,590",(24% off),"₹1,193",https://www.ajio.com/tossido-paisley-print-scarfs/p/464838309_black,Scarves and Stoles
165,463660314_blue,THE TIE HUB,Solid Scarf,"₹2,000","₹5,000",(60% off),"₹2,000",https://www.ajio.com/the-tie-hub-solid-scarf/p/463660314_blue,Scarves and Stoles
166,463856606_grey,THE TIE HUB,Woolen Textured Scarves,"₹2,000","₹5,000",(60% off),"₹2,000",https://www.ajio.com/the-tie-hub-woolen-textured-scarves-/p/463856606_grey,Scarves and Stoles
167,465601006_black,Lindbergh,Acrylic Solid Scarf,"₹1,399","₹1,999",(30% off),"₹1,399",https://www.ajio.com/lindbergh-acrylic-solid-scarf/p/465601006_black,Scarves and Stoles
168,463856591_brown,THE TIE HUB,Woolen Solid Scarves,"₹3,500","₹8,750",(60% off),"₹3,500",https://www.ajio.com/the-tie-hub-woolen-solid-scarves-/p/463856591_brown,Scarves and Stoles
169,463535688_purple,Bruun & Stengade,Textured Regular Scarf,"₹4,999","₹4,999",(0% off),"₹4,999",https://www.ajio.com/bruun--stengade-textured-regular-scarf/p/463535688_purple,Scarves and Stoles
170,463588782_multi,THE TIE HUB,Checked Regular Scarf,"₹2,000","₹5,000",(60% off),"₹2,000",https://www.ajio.com/the-tie-hub-checked-regular-scarf/p/463588782_multi,Scarves and Stoles
171,463588565_multi,THE TIE HUB,Checked Regular Scarf,"₹2,000","₹5,000",(60% off),"₹2,000",https://www.ajio.com/the-tie-hub-checked-regular-scarf/p/463588565_multi,Scarves and Stoles
172,463588460_grey,THE TIE HUB,Checked Regular Scarf,"₹2,000","₹5,000",(60% off),"₹2,000",https://www.ajio.com/the-tie-hub-checked-regular-scarf/p/463588460_grey,Scarves and Stoles
173,463596164_blue,THE TIE HUB,Striped Scarf with Fringes,"₹2,000","₹5,000",(60% off),"₹2,000",https://www.ajio.com/the-tie-hub-striped-scarf-with-fringes/p/463596164_blue,Scarves and Stoles
174,463852121_grey,THE TIE HUB,Woolen Geometric Print Scarv,"₹2,000","₹5,000",(60% off),"₹2,000",https://www.ajio.com/the-tie-hub-woolen-geometric-print-scarv/p/463852121_grey,Scarves and Stoles
175,463618365_blue,THE TIE HUB,Textured Regular Scarves,"₹2,000","₹5,000",(60% off),"₹2,000",https://www.ajio.com/the-tie-hub-textured-regular-scarves/p/463618365_blue,Scarves and Stoles
176,463553005_grey,Bruun & Stengade,Striped Western Scarf,"₹4,999","₹4,999",(0% off),"₹4,999",https://www.ajio.com/bruun--stengade-striped-western-scarf/p/463553005_grey,Scarves and Stoles
177,464930026_white,TOSSIDO,Floral Print Scarf,"₹1,208","₹1,590",(24% off),"₹1,193",https://www.ajio.com/tossido-floral-print-scarf/p/464930026_white,Scarves and Stoles
178,464843814_multi,TOSSIDO,Floral Print Stole,₹683,₹899,(24% off),₹674,https://www.ajio.com/tossido-floral-print-stole/p/464843814_multi,Scarves and Stoles
179,464842788_blue,TOSSIDO,Floral Print Chiffon Stole,₹683,₹899,(24% off),₹674,https://www.ajio.com/tossido-floral-print-chiffon-stole/p/464842788_blue,Scarves and Stoles
180,464838708_multi,TOSSIDO,Geometric Print Cotton Stole,₹759,₹999,(24% off),₹749,https://www.ajio.com/tossido-geometric-print-cotton-stole/p/464838708_multi,Scarves and Stoles
181,464921480_orange,THE TIE HUB,Paisley Print Silk Scarf,"₹1,500","₹3,750",(60% off),"₹1,500",https://www.ajio.com/the-tie-hub-paisley-print-silk-scarf/p/464921480_orange,Scarves and Stoles
182,463596156_black,THE TIE HUB,Checked Scarf with Fringes,"₹2,000","₹5,000",(60% off),"₹2,000",https://www.ajio.com/the-tie-hub-checked-scarf-with-fringes/p/463596156_black,Scarves and Stoles
183,466086588_grey,THE TIE HUB,Checked Print Men Scarf with Fringed Hem,"₹2,000","₹5,000",(60% off),"₹2,000",https://www.ajio.com/the-tie-hub-checked-print-men-scarf-with-fringed-hem/p/466086588_grey,Scarves and Stoles
184,466086630_navy,THE TIE HUB,Striped Print Men Scarf with Fringed Hem,"₹2,000","₹5,000",(60% off),"₹2,000",https://www.ajio.com/the-tie-hub-striped-print-men-scarf-with-fringed-hem/p/466086630_navy,Scarves and Stoles
185,466087749_brown,THE TIE HUB,Herringboneerringbone Print Men Scarf with Fringed Hem,"₹2,000","₹5,000",(60% off),"₹2,000",https://www.ajio.com/the-tie-hub-herringboneerringbone-print-men-scarf-with-fringed-hem/p/466087749_brown,Scarves and Stoles
186,466086505_maroon,THE TIE HUB,Printed Men Scarf with Fringed Hem,"₹2,000","₹5,000",(60% off),"₹2,000",https://www.ajio.com/the-tie-hub-printed-men-scarf-with-fringed-hem/p/466086505_maroon,Scarves and Stoles
187,466087783_multi,THE TIE HUB,Striped Print Men Scarf with Fringed Hem,"₹2,000","₹5,000",(60% off),"₹2,000",https://www.ajio.com/the-tie-hub-striped-print-men-scarf-with-fringed-hem/p/466087783_multi,Scarves and Stoles
188,466087818_grey,THE TIE HUB,Geometric Pattern Men Scarf with Fringed Hem,"₹2,000","₹5,000",(60% off),"₹2,000",https://www.ajio.com/the-tie-hub-geometric-pattern-men-scarf-with-fringed-hem/p/466087818_grey,Scarves and Stoles
189,466087843_black,THE TIE HUB,Checked Print Men Scarf with Fringed Hem,"₹2,000","₹5,000",(60% off),"₹2,000",https://www.ajio.com/the-tie-hub-checked-print-men-scarf-with-fringed-hem/p/466087843_black,Scarves and Stoles
190,466087856_blue,THE TIE HUB,Checked Print Men Scarf with Fringed Hem,"₹2,000","₹5,000",(60% off),"₹2,000",https://www.ajio.com/the-tie-hub-checked-print-men-scarf-with-fringed-hem/p/466087856_blue,Scarves and Stoles
191,464272346_yellow,THE TIE HUB,Woolen Scarf,"₹3,500","₹8,750",(60% off),"₹3,500",https://www.ajio.com/the-tie-hub-woolen-scarf-/p/464272346_yellow,Scarves and Stoles
192,466488204_black,Heelium,Pack of 4 Brand Print Bamboo Bandanas,₹899,"₹1,999",(55% off),₹899,https://www.ajio.com/heelium-pack-of-4-brand-print-bamboo-bandanas/p/466488204_black,Scarves and Stoles
193,464888718_grey,Bruun & Stengade,Woolen Scarf with Tassels,"₹2,799","₹3,999",(30% off),"₹1,819",https://www.ajio.com/bruun--stengade-woolen-scarf-with-tassels/p/464888718_grey,Scarves and Stoles
194,463613139_black,Marks & Spencer,Checked Muffler with Fringed Border,₹809,"₹1,499",(46% off),₹660,https://www.ajio.com/marks--spencer-checked-muffler-with-fringed-border/p/463613139_black,Scarves and Stoles
195,469500092_red,U.S. Polo Assn.,Men Logo Embroidered Cap,₹559,₹999,(44% off),₹500,https://www.ajio.com/u-s-polo-assn-men-logo-embroidered-cap/p/469500092_red,Caps
196,469452962_gray,Puma,Men Graphic Print Baseball Cap,₹974,"₹1,299",(25% off),₹831,https://www.ajio.com/puma-men-graphic-print-baseball-cap/p/469452962_gray,Caps
197,469500093_white,U.S. Polo Assn.,Men Baseball Cap,₹999,₹999,(0% off),₹699,https://www.ajio.com/u-s-polo-assn-men-baseball-cap/p/469500093_white,Caps
198,469500091_navy,U.S. Polo Assn.,Men Brand Embroidered Baseball Cap,₹559,₹999,(44% off),₹500,https://www.ajio.com/u-s-polo-assn-men-brand-embroidered-baseball-cap/p/469500091_navy,Caps
199,469453001_white,Puma,Logo Print Baseball Caps,"₹1,479","₹1,999",(26% off),"₹1,279",https://www.ajio.com/puma-logo-print-baseball-caps/p/469453001_white,Caps
200,469453027_blue,Puma,Men Logo Embroidered Cap,₹974,"₹1,299",(25% off),₹831,https://www.ajio.com/puma-men-logo-embroidered-cap/p/469453027_blue,Caps
201,469453000_black,Puma,BMW Logosport Baseball Cap,"₹1,499","₹1,999",(25% off),"₹1,279",https://www.ajio.com/puma-bmw-logosport-baseball-cap/p/469453000_black,Caps
202,469453004_white,Puma,Logo Print Baseball Cap,"₹1,766","₹1,899",(7% off),"₹1,614",https://www.ajio.com/puma-logo-print-baseball-cap/p/469453004_white,Caps
203,469452983_black,Puma,Mesh Panelled Baseball Cap,"₹1,348","₹1,899",(29% off),"₹1,082",https://www.ajio.com/puma-mesh-panelled-baseball-cap/p/469452983_black,Caps
204,469452948_green,Puma,Men Logo Print Baseball Cap,₹974,"₹1,299",(25% off),₹831,https://www.ajio.com/puma-men-logo-print-baseball-cap/p/469452948_green,Caps
205,441339981_grey,DNMX,Men Braided Pattern Beanie,₹200,₹399,(50% off),₹180,https://www.ajio.com/dnmx-men-braided-pattern-beanie/p/441339981_grey,Caps
206,469453023_blue,Puma,Logo Embroidered Baseball Cap,₹929,"₹1,499",(38% off),₹809,https://www.ajio.com/puma-logo-embroidered-baseball-cap/p/469453023_blue,Caps
207,441340020_black,DNMX,Men Woolen Beanie Cap,₹227,₹399,(43% off),₹200,https://www.ajio.com/dnmx-men-woolen-beanie-cap/p/441340020_black,Caps
208,441294861_black,PERFORMAX,Logo Print Baseball Cap with Mesh Panel,₹389,₹599,(35% off),₹300,https://www.ajio.com/performax-logo-print-baseball-cap-with-mesh-panel/p/441294861_black,Caps
209,469452975_blue,Puma,Mesh Panelled Baseball Cap,₹987,"₹1,299",(24% off),₹831,https://www.ajio.com/puma-mesh-panelled-baseball-cap/p/469452975_blue,Caps
210,469452958_beige,Puma,Baseball Cap with Brand Patch,"₹1,394","₹1,499",(7% off),"₹1,274",https://www.ajio.com/puma-baseball-cap-with-brand-patch/p/469452958_beige,Caps
211,469477865_blue,Puma,Puma men caps hats blue os,"₹1,505","₹3,499",(57% off),"₹1,400",https://www.ajio.com/puma-puma-men-caps-hats-blue-os/p/469477865_blue,Caps
212,469452936_purple,Puma,Men Printed Sun Cap,₹883,"₹1,299",(32% off),₹766,https://www.ajio.com/puma-men-printed-sun-cap/p/469452936_purple,Caps
213,469452946_green,Puma,Brand Embroidered Baseball Cap,₹601,₹699,(14% off),₹545,https://www.ajio.com/puma-brand-embroidered-baseball-cap/p/469452946_green,Caps
214,469453003_black,Puma,Men BMW M Motorsport Baseball Cap,"₹1,766","₹1,899",(7% off),"₹1,614",https://www.ajio.com/puma-men-bmw-m-motorsport-baseball-cap/p/469453003_black,Caps
215,441340019_black,DNMX,Men Weavy Drop-Stitch Knitted Beanie,₹200,₹399,(50% off),₹180,https://www.ajio.com/dnmx-men-weavy-drop-stitch-knitted-beanie/p/441340019_black,Caps
216,469452931_orange,Puma,Men Baseball Cap with Logo Accent,₹809,₹999,(19% off),₹709,https://www.ajio.com/puma-men-baseball-cap-with-logo-accent/p/469452931_orange,Caps
217,441340023_grey,DNMX,Men Knitted Beanie Cap,₹227,₹399,(43% off),₹200,https://www.ajio.com/dnmx-men-knitted-beanie-cap/p/441340023_grey,Caps
218,469452966_black,Puma,Men Brand Embroidered Baseball Cap,"₹1,169","₹1,799",(35% off),"₹1,061",https://www.ajio.com/puma-men-brand-embroidered-baseball-cap/p/469452966_black,Caps
219,469453012_black,Puma,Men Logo Print Bucket Cap,"₹1,319","₹1,999",(34% off),"₹1,179",https://www.ajio.com/puma-men-logo-print-bucket-cap/p/469453012_black,Caps
220,469452995_black,Puma,Men Logo Embroidered Baseball Cap,"₹1,139","₹1,899",(40% off),"₹1,025",https://www.ajio.com/puma-men-logo-embroidered-baseball-cap/p/469452995_black,Caps
221,469452996_red,Puma,Baseball Cap with Placement Logo Print,"₹1,179","₹1,999",(41% off),"₹1,079",https://www.ajio.com/puma-baseball-cap-with-placement-logo-print/p/469452996_red,Caps
222,469453015_black,Puma,Logo Embroidered Baseball Cap,₹844,"₹1,299",(35% off),₹766,https://www.ajio.com/puma-logo-embroidered-baseball-cap/p/469453015_black,Caps
223,469453022_black,Puma,Flat Brim Baseball Cap,"₹1,004","₹1,499",(33% off),₹884,https://www.ajio.com/puma-flat-brim-baseball-cap/p/469453022_black,Caps
224,469453009_blue,Puma,Logo Embroidered Baseball Cap,₹935,"₹1,299",(28% off),₹831,https://www.ajio.com/puma-logo-embroidered-baseball-cap/p/469453009_blue,Caps
225,441351230_navy,DNMX,Men Checked Acrylic Beanie,₹200,₹399,(50% off),₹180,https://www.ajio.com/dnmx-men-checked-acrylic-beanie/p/441351230_navy,Caps
226,469453031_blue,Puma,Men Logo Print Cap,₹844,"₹1,299",(35% off),₹766,https://www.ajio.com/puma-men-logo-print-cap/p/469453031_blue,Caps
227,469452965_black,Puma,Men Brand Print Snapback Hat,"₹1,004","₹1,499",(33% off),₹884,https://www.ajio.com/puma-men-brand-print-snapback-hat/p/469452965_black,Caps
228,469453016_black,Puma,Men Printed Baseball Cap,"₹1,079","₹1,799",(40% off),₹971,https://www.ajio.com/puma-men-printed-baseball-cap/p/469453016_black,Caps
229,469453030_black,Puma,Men Bucket Hat with Logo Applique,"₹1,424","₹2,499",(43% off),"₹1,225",https://www.ajio.com/puma-men-bucket-hat-with-logo-applique/p/469453030_black,Caps
230,469452954_white,Puma,Men Brand Embroidered Baseball Cap,₹599,₹599,(0% off),₹509,https://www.ajio.com/puma-men-brand-embroidered-baseball-cap/p/469452954_white,Caps
231,441351232_navy,DNMX,Men Striped Beanie Cap,₹200,₹399,(50% off),₹180,https://www.ajio.com/dnmx-men-striped-beanie-cap/p/441351232_navy,Caps
232,469477866_black,Puma,Men Logo Embroidered Baseball Cap,₹624,"₹1,299",(52% off),₹572,https://www.ajio.com/puma-men-logo-embroidered-baseball-cap/p/469477866_black,Caps
233,441340017_blue,DNMX,Men Knitted Beanies Cap with Ribbed Hems,₹239,₹399,(40% off),₹200,https://www.ajio.com/dnmx-men-knitted-beanies-cap-with-ribbed-hems/p/441340017_blue,Caps
234,441351228_navy,DNMX,Men Geometric Pattern Beanie Cap,₹227,₹399,(43% off),₹200,https://www.ajio.com/dnmx-men-geometric-pattern-beanie-cap/p/441351228_navy,Caps
235,441340021_black,DNMX,Men Knitted Beanie Cap,₹227,₹399,(43% off),₹200,https://www.ajio.com/dnmx-men-knitted-beanie-cap/p/441340021_black,Caps
236,469452945_beige,Puma,Men Cap with Brand Embroidery,₹538,₹699,(23% off),₹447,https://www.ajio.com/puma-men-cap-with-brand-embroidery/p/469452945_beige,Caps
237,469453002_blue,Puma,Printed Colourblock Baseball Cap,"₹1,359","₹1,999",(32% off),"₹1,179",https://www.ajio.com/puma-printed-colourblock-baseball-cap/p/469453002_blue,Caps
238,469453025_white,Puma,Brand Embroidered Baseball Cap,"₹1,124","₹1,499",(25% off),₹959,https://www.ajio.com/puma-brand-embroidered-baseball-cap/p/469453025_white,Caps
239,469452978_black,Puma,Paneled Baseball Cap,"₹1,609","₹2,299",(30% off),"₹1,310",https://www.ajio.com/puma-paneled-baseball-cap/p/469452978_black,Caps
240,441294861_navy,PERFORMAX,Logo Print Baseball Cap with Mesh Panel,₹557,₹599,(7% off),₹520,https://www.ajio.com/performax-logo-print-baseball-cap-with-mesh-panel/p/441294861_navy,Caps
241,469451871_blue,Jack & Jones,Men Baseball Cap with Logo Embroidery,₹695,"₹1,199",(42% off),₹649,https://www.ajio.com/jack--jones-men-baseball-cap-with-logo-embroidery/p/469451871_blue,Caps
242,469452943_purple,Puma,Baseball Cap with Embroidery,₹783,₹799,(2% off),₹679,https://www.ajio.com/puma-baseball-cap-with-embroidery/p/469452943_purple,Caps
243,469452947_pink,Puma,Men Sun Cap with Logo Print,₹883,"₹1,299",(32% off),₹766,https://www.ajio.com/puma-men-sun-cap-with-logo-print/p/469452947_pink,Caps
244,469045862_blue,Puma,Logo Print Baseball Cap,₹450,₹899,(50% off),₹333,https://www.ajio.com/puma-logo-print-baseball-cap/p/469045862_blue,Caps
245,441351229_navy,DNMX,Men Striped Woolen Beanie,₹200,₹399,(50% off),₹180,https://www.ajio.com/dnmx-men-striped-woolen-beanie/p/441351229_navy,Caps
246,469452990_purple,Puma,Logo Print Baseball Cap,"₹1,199","₹1,999",(40% off),"₹1,079",https://www.ajio.com/puma-logo-print-baseball-cap/p/469452990_purple,Caps
247,469452934_green,Puma,Men Logo Print Baseball Cap,₹899,₹899,(0% off),₹764,https://www.ajio.com/puma-men-logo-print-baseball-cap/p/469452934_green,Caps
248,469452979_red,Puma,Logo Print Baseball Cap,"₹1,234","₹1,899",(35% off),"₹1,120",https://www.ajio.com/puma-logo-print-baseball-cap/p/469452979_red,Caps
249,469452994_green,Puma,Men Sun Cap with Logo Embroidery,"₹1,499","₹1,999",(25% off),"₹1,279",https://www.ajio.com/puma-men-sun-cap-with-logo-embroidery/p/469452994_green,Caps
250,469452932_gray,Puma,Men Baseball Cap with Metal Logo Accent,₹999,₹999,(0% off),₹849,https://www.ajio.com/puma-men-baseball-cap-with-metal-logo-accent/p/469452932_gray,Caps
251,469452980_black,Puma,Logo Print Sun Hat,"₹1,234","₹1,899",(35% off),"₹1,120",https://www.ajio.com/puma-logo-print-sun-hat/p/469452980_black,Caps
252,469477861_black,Puma,Men Baseball Cap with Placement Print,"₹1,766","₹1,899",(7% off),"₹1,614",https://www.ajio.com/puma-men-baseball-cap-with-placement-print/p/469477861_black,Caps
253,469453032_gray,Puma,Men Printed Baseball Cap,"₹1,299","₹1,299",(0% off),"₹1,104",https://www.ajio.com/puma-men-printed-baseball-cap/p/469453032_gray,Caps
254,469452989_green,Puma,Baseball Caps with Embroidered Placement,"₹1,499","₹1,999",(25% off),"₹1,279",https://www.ajio.com/puma-baseball-caps-with-embroidered-placement/p/469452989_green,Caps
255,469452968_black,Puma,Men Seasons Mesh Cap,₹883,"₹1,299",(32% off),₹766,https://www.ajio.com/puma-men-seasons-mesh-cap/p/469452968_black,Caps
256,469452950_green,Puma,Embroidered Baseball Cap,"₹1,241","₹1,799",(31% off),"₹1,025",https://www.ajio.com/puma-embroidered-baseball-cap/p/469452950_green,Caps
257,469452981_beige,Puma,Baseball Cap with Contrast Piping,"₹1,158","₹1,899",(39% off),"₹1,025",https://www.ajio.com/puma-baseball-cap-with-contrast-piping/p/469452981_beige,Caps
258,469477864_beige,Puma,Men Printed Bucket Hat,"₹2,499","₹2,499",(0% off),"₹2,124",https://www.ajio.com/puma-men-printed-bucket-hat/p/469477864_beige,Caps
259,469477867_black,Puma,Men Brand Embroidered Baseball Cap,₹624,"₹1,299",(52% off),₹572,https://www.ajio.com/puma-men-brand-embroidered-baseball-cap/p/469477867_black,Caps
260,469477860_black,Puma,Men Colourblock Beanie,₹624,"₹1,299",(52% off),₹572,https://www.ajio.com/puma-men-colourblock-beanie/p/469477860_black,Caps
261,469452951_black,Puma,Men Brand Embroidered Baseball Cap,₹599,₹599,(0% off),₹509,https://www.ajio.com/puma-men-brand-embroidered-baseball-cap/p/469452951_black,Caps
262,469452938_blue,Puma,Printed Baseball Cap with Logo Print,₹948,"₹1,299",(27% off),₹831,https://www.ajio.com/puma-printed-baseball-cap-with-logo-print/p/469452938_blue,Caps
263,469452999_gray,Puma,BMW M Motorsport Baseball Cap,"₹1,659","₹1,999",(17% off),"₹1,419",https://www.ajio.com/puma-bmw-m-motorsport-baseball-cap/p/469452999_gray,Caps
264,469452940_blue,Puma,Men Baseball Ball Cap with Logo Patch,₹552,₹699,(21% off),₹496,https://www.ajio.com/puma-men-baseball-ball-cap-with-logo-patch/p/469452940_blue,Caps
265,469453006_gray,Puma,Printed Baseball Cap,"₹1,379","₹2,299",(40% off),"₹1,241",https://www.ajio.com/puma-printed-baseball-cap/p/469453006_gray,Caps
266,469453033_purple,Puma,Men Printed Baseball Cap,₹844,"₹1,299",(35% off),₹766,https://www.ajio.com/puma-men-printed-baseball-cap/p/469453033_purple,Caps
267,469452942_gray,Puma,Baseball Cap with Placement Logo Print,₹879,₹999,(12% off),₹779,https://www.ajio.com/puma-baseball-cap-with-placement-logo-print/p/469452942_gray,Caps
268,469452959_black,Puma,Camouflage Print Baseball Cap,₹883,"₹1,299",(32% off),₹766,https://www.ajio.com/puma-camouflage-print-baseball-cap/p/469452959_black,Caps
269,469453021_white,Puma,Men Embroidered Cotton Sun Cap,"₹1,299","₹1,299",(0% off),"₹1,104",https://www.ajio.com/puma-men-embroidered-cotton-sun-cap/p/469453021_white,Caps
270,440808400_white,PERFORMAX,Training Visor Cap,₹499,₹499,(0% off),₹449,https://www.ajio.com/performax-training-visor-cap/p/440808400_white,Caps
271,469453028_black,Puma,Printed Sun Hat,"₹1,333","₹2,299",(42% off),"₹1,127",https://www.ajio.com/puma-printed-sun-hat/p/469453028_black,Caps
272,469452977_black,Puma,Men Logo Print Cap,"₹1,448","₹2,299",(37% off),"₹1,241",https://www.ajio.com/puma-men-logo-print-cap/p/469452977_black,Caps
273,469453010_beige,Puma,Logo Embroidered Baseball Cap,₹818,"₹1,299",(37% off),₹701,https://www.ajio.com/puma-logo-embroidered-baseball-cap/p/469453010_beige,Caps
274,469453017_black,Puma,Men Logo Print Baseball Cap,"₹1,079","₹1,799",(40% off),₹971,https://www.ajio.com/puma-men-logo-print-baseball-cap/p/469453017_black,Caps
275,469045863_navyblue,Puma,Logo Print Baseball Cap,₹663,₹799,(17% off),₹619,https://www.ajio.com/puma-logo-print-baseball-cap/p/469045863_navyblue,Caps
276,469477859_black,Puma,Men Baseball Cap with Brand Patch,"₹1,039","₹1,299",(20% off),₹922,https://www.ajio.com/puma-men-baseball-cap-with-brand-patch/p/469477859_black,Caps
277,469452997_black,Puma,Printed Baseball Cap,"₹1,701","₹2,299",(26% off),"₹1,471",https://www.ajio.com/puma-printed-baseball-cap/p/469452997_black,Caps
278,469452953_gray,Puma,Men Brand Embroidered Baseball Cap,₹569,₹599,(5% off),₹509,https://www.ajio.com/puma-men-brand-embroidered-baseball-cap/p/469452953_gray,Caps
279,469452935_blue,Puma,Men Logo Print Cap,₹791,₹899,(12% off),₹701,https://www.ajio.com/puma-men-logo-print-cap/p/469452935_blue,Caps
280,469453024_black,Puma,Camouflage Print Baseball Cap,"₹1,049","₹1,499",(30% off),₹854,https://www.ajio.com/puma-camouflage-print-baseball-cap/p/469453024_black,Caps
281,469452993_yellow,Puma,Men Embroidered Baseball Cap,"₹1,139","₹1,999",(43% off),₹980,https://www.ajio.com/puma-men-embroidered-baseball-cap/p/469452993_yellow,Caps
282,469453019_black,Puma,Men Brand Print Baseball Cap,₹929,"₹1,499",(38% off),₹809,https://www.ajio.com/puma-men-brand-print-baseball-cap/p/469453019_black,Caps
283,469452960_black,Puma,Men Logo Print Baseball Cap,₹883,"₹1,299",(32% off),₹766,https://www.ajio.com/puma-men-logo-print-baseball-cap/p/469452960_black,Caps
284,469452957_black,Puma,Men Sun Cap with Logo Print,"₹1,019","₹1,499",(32% off),₹884,https://www.ajio.com/puma-men-sun-cap-with-logo-print/p/469452957_black,Caps
285,469452982_red,Puma,Logo Pattern Baseball Cap,"₹1,234","₹1,899",(35% off),"₹1,120",https://www.ajio.com/puma-logo-pattern-baseball-cap/p/469452982_red,Caps
286,469453007_red,Puma,Men Reversible Cap with Brand Print,"₹1,356","₹2,299",(41% off),"₹1,241",https://www.ajio.com/puma-men-reversible-cap-with-brand-print/p/469453007_red,Caps
287,469452992_black,Puma,Baseball Cap with Adjustable Closure,"₹1,299","₹1,999",(35% off),"₹1,179",https://www.ajio.com/puma-baseball-cap-with-adjustable-closure/p/469452992_black,Caps
288,410265516_black,ADIDAS,Checked Adv Runners Cap,"₹2,074","₹2,499",(17% off),"₹1,749",https://www.ajio.com/adidas-checked-adv-runners-cap/p/410265516_black,Caps
289,469452944_pink,Puma,Brand Embroidered Baseball Cap,₹538,₹699,(23% off),₹447,https://www.ajio.com/puma-brand-embroidered-baseball-cap/p/469452944_pink,Caps
290,441340022_grey,DNMX,Men Knitted Beanie with Elasticated Hems,₹227,₹399,(43% off),₹200,https://www.ajio.com/dnmx-men-knitted-beanie-with-elasticated-hems/p/441340022_grey,Caps
291,410321682_aedt,ADIDAS,RYV Baseball Cap with Buckle Closure,"₹1,999","₹1,999",(0% off),"₹1,699",https://www.ajio.com/adidas-ryv-baseball-cap-with-buckle-closure/p/410321682_aedt,Caps
292,469452961_pink,Puma,Floral Print Baseball Cap with Logo Embroidery,₹883,"₹1,299",(32% off),₹766,https://www.ajio.com/puma-floral-print-baseball-cap-with-logo-embroidery/p/469452961_pink,Caps
293,469452969_orange,Puma,Men Logo Print Sun Cap,₹883,"₹1,299",(32% off),₹766,https://www.ajio.com/puma-men-logo-print-sun-cap/p/469452969_orange,Caps
294,469453008_black,Puma,Men Brand Logo Sun Hat,"₹2,249","₹2,999",(25% off),"₹1,919",https://www.ajio.com/puma-men-brand-logo-sun-hat/p/469453008_black,Caps
295,469453014_black,Puma,Men Brand Print Baseball Cap,₹883,"₹1,299",(32% off),₹766,https://www.ajio.com/puma-men-brand-print-baseball-cap/p/469453014_black,Caps
296,469453011_beige,Puma,Printed Sun Hat with Logo Embroidered,"₹1,333","₹2,299",(42% off),"₹1,127",https://www.ajio.com/puma-printed-sun-hat-with-logo-embroidered/p/469453011_beige,Caps
297,469452998_black,Puma,Logo Print Baseball Cap,"₹1,333","₹2,299",(42% off),"₹1,127",https://www.ajio.com/puma-logo-print-baseball-cap/p/469452998_black,Caps
